id,column1
1,ER23XfVFuPUn5Yh4ZqkZ7zJ7CBM
2,ER23XfVFuPUn5Yh4ZqkZ7zJ7CBM
3,ER23XfVFuPUn5Yh4ZqkZ7zJ7CBM
4,ER23XfVFuPUn5Yh4ZqkZ7zJ7CBM
5,ER23XfVFuPUn5Yh4ZqkZ7zJ7CBM
6,ER23XfVFuPUn5Yh4ZqkZ7zJ7CBM
7,O6BFM2mADfxUXyPadOEUbtSZr5c
8,O6BFM2mADfxUXyPadOEUbtSZr5c
9,ER23XfVFuPUn5Yh4ZqkZ7zJ7CBM
10,ER23XfVFuPUn5Yh4ZqkZ7zJ7CBM
11,7vadGoWFLIW0V3NfJfLc1PbDxwY
12,ER23XfVFuPUn5Yh4ZqkZ7zJ7CBM
13,ER23XfVFuPUn5Yh4ZqkZ7zJ7CBM
14,ER23XfVFuPUn5Yh4ZqkZ7zJ7CBM
15,ER23XfVFuPUn5Yh4ZqkZ7zJ7CBM
16,2ciC/8yojz2qpq9Zxp3cEijgOlc
17,7vadGoWFLIW0V3NfJfLc1PbDxwY
18,ER23XfVFuPUn5Yh4ZqkZ7zJ7CBM
19,ER23XfVFuPUn5Yh4ZqkZ7zJ7CBM
20,ER23XfVFuPUn5Yh4ZqkZ7zJ7CBM
21,mNgmkrc0mN0KwuyjthkZQvz1ppQ
22,JR9nT2rE+FuEJuud8pRItl5tDVc
23,ER23XfVFuPUn5Yh4ZqkZ7zJ7CBM
24,ER23XfVFuPUn5Yh4ZqkZ7zJ7CBM
25,7vadGoWFLIW0V3NfJfLc1PbDxwY
26,ER23XfVFuPUn5Yh4ZqkZ7zJ7CBM
27,ISLba10atZu+vGugvsh5QRoV2FI
28,7vadGoWFLIW0V3NfJfLc1PbDxwY
29,ER23XfVFuPUn5Yh4ZqkZ7zJ7CBM
30,ER23XfVFuPUn5Yh4ZqkZ7zJ7CBM
31,7vadGoWFLIW0V3NfJfLc1PbDxwY
32,7vadGoWFLIW0V3NfJfLc1PbDxwY
33,ER23XfVFuPUn5Yh4ZqkZ7zJ7CBM
34,ER23XfVFuPUn5Yh4ZqkZ7zJ7CBM
35,ER23XfVFuPUn5Yh4ZqkZ7zJ7CBM
36,ER23XfVFuPUn5Yh4ZqkZ7zJ7CBM
37,7vadGoWFLIW0V3NfJfLc1PbDxwY
38,0AW+wB3MBLgcJDDI6Y40tzRDGJg
39,ER23XfVFuPUn5Yh4ZqkZ7zJ7CBM
40,eau0rV8IIYoodm77+qzw0P7OE50
41,ER23XfVFuPUn5Yh4ZqkZ7zJ7CBM
42,ER23XfVFuPUn5Yh4ZqkZ7zJ7CBM
43,ER23XfVFuPUn5Yh4ZqkZ7zJ7CBM
44,ER23XfVFuPUn5Yh4ZqkZ7zJ7CBM
45,ER23XfVFuPUn5Yh4ZqkZ7zJ7CBM
46,3fVG5Gc7M7Iu5SxHKWTooYr3/OU
47,3fVG5Gc7M7Iu5SxHKWTooYr3/OU
48,ER23XfVFuPUn5Yh4ZqkZ7zJ7CBM
49,ER23XfVFuPUn5Yh4ZqkZ7zJ7CBM
50,3fVG5Gc7M7Iu5SxHKWTooYr3/OU
51,ER23XfVFuPUn5Yh4ZqkZ7zJ7CBM
52,ER23XfVFuPUn5Yh4ZqkZ7zJ7CBM
53,ER23XfVFuPUn5Yh4ZqkZ7zJ7CBM
54,pbu2z6wLPOyoMrhkKyu7TyZuyHo
55,ER23XfVFuPUn5Yh4ZqkZ7zJ7CBM
56,ER23XfVFuPUn5Yh4ZqkZ7zJ7CBM
57,nvYJwSZCB81+h42EBBbk/mJyLS0
58,ER23XfVFuPUn5Yh4ZqkZ7zJ7CBM
59,ER23XfVFuPUn5Yh4ZqkZ7zJ7CBM
60,PCOz7+Jj8McTc6bUP/rXeGBjj+c
61,PCOz7+Jj8McTc6bUP/rXeGBjj+c
62,ER23XfVFuPUn5Yh4ZqkZ7zJ7CBM
63,ER23XfVFuPUn5Yh4ZqkZ7zJ7CBM
64,ER23XfVFuPUn5Yh4ZqkZ7zJ7CBM
65,ER23XfVFuPUn5Yh4ZqkZ7zJ7CBM
66,ER23XfVFuPUn5Yh4ZqkZ7zJ7CBM
67,ER23XfVFuPUn5Yh4ZqkZ7zJ7CBM
68,ER23XfVFuPUn5Yh4ZqkZ7zJ7CBM
69,ER23XfVFuPUn5Yh4ZqkZ7zJ7CBM
70,PCOz7+Jj8McTc6bUP/rXeGBjj+c
71,ER23XfVFuPUn5Yh4ZqkZ7zJ7CBM
72,ER23XfVFuPUn5Yh4ZqkZ7zJ7CBM
73,ER23XfVFuPUn5Yh4ZqkZ7zJ7CBM
74,ER23XfVFuPUn5Yh4ZqkZ7zJ7CBM
75,ER23XfVFuPUn5Yh4ZqkZ7zJ7CBM
76,ER23XfVFuPUn5Yh4ZqkZ7zJ7CBM
77,ER23XfVFuPUn5Yh4ZqkZ7zJ7CBM
78,ER23XfVFuPUn5Yh4ZqkZ7zJ7CBM
79,ER23XfVFuPUn5Yh4ZqkZ7zJ7CBM
80,ER23XfVFuPUn5Yh4ZqkZ7zJ7CBM
81,ER23XfVFuPUn5Yh4ZqkZ7zJ7CBM
82,ER23XfVFuPUn5Yh4ZqkZ7zJ7CBM
83,ER23XfVFuPUn5Yh4ZqkZ7zJ7CBM
84,ER23XfVFuPUn5Yh4ZqkZ7zJ7CBM
85,ER23XfVFuPUn5Yh4ZqkZ7zJ7CBM
86,PCOz7+Jj8McTc6bUP/rXeGBjj+c
87,ER23XfVFuPUn5Yh4ZqkZ7zJ7CBM
88,ER23XfVFuPUn5Yh4ZqkZ7zJ7CBM
89,ER23XfVFuPUn5Yh4ZqkZ7zJ7CBM
90,ER23XfVFuPUn5Yh4ZqkZ7zJ7CBM
91,ER23XfVFuPUn5Yh4ZqkZ7zJ7CBM
92,BGme0wzAnc/lIuO9+idR6BNBUwo
93,/gVoXa0G55uKzylVxxZuiGf2KaY
94,BGme0wzAnc/lIuO9+idR6BNBUwo
95,Ub5Kmjbl4Xb23uYbdqueTOfKK/U
96,ta5nSP0IxlonHbWuWuW5r0J1BUs
97,ta5nSP0IxlonHbWuWuW5r0J1BUs
98,jSXuqEPbMlw3LrD/WPmgCnt83xI
99,ER23XfVFuPUn5Yh4ZqkZ7zJ7CBM
100,ER23XfVFuPUn5Yh4ZqkZ7zJ7CBM
101,ER23XfVFuPUn5Yh4ZqkZ7zJ7CBM
102,ER23XfVFuPUn5Yh4ZqkZ7zJ7CBM
103,ER23XfVFuPUn5Yh4ZqkZ7zJ7CBM
104,ER23XfVFuPUn5Yh4ZqkZ7zJ7CBM
105,ER23XfVFuPUn5Yh4ZqkZ7zJ7CBM
106,ER23XfVFuPUn5Yh4ZqkZ7zJ7CBM
107,ER23XfVFuPUn5Yh4ZqkZ7zJ7CBM
108,ER23XfVFuPUn5Yh4ZqkZ7zJ7CBM
109,ER23XfVFuPUn5Yh4ZqkZ7zJ7CBM
110,ER23XfVFuPUn5Yh4ZqkZ7zJ7CBM
111,ER23XfVFuPUn5Yh4ZqkZ7zJ7CBM
112,ER23XfVFuPUn5Yh4ZqkZ7zJ7CBM
113,ER23XfVFuPUn5Yh4ZqkZ7zJ7CBM
114,ER23XfVFuPUn5Yh4ZqkZ7zJ7CBM
115,ER23XfVFuPUn5Yh4ZqkZ7zJ7CBM
116,ER23XfVFuPUn5Yh4ZqkZ7zJ7CBM
117,ER23XfVFuPUn5Yh4ZqkZ7zJ7CBM
118,ER23XfVFuPUn5Yh4ZqkZ7zJ7CBM
119,ER23XfVFuPUn5Yh4ZqkZ7zJ7CBM
120,ER23XfVFuPUn5Yh4ZqkZ7zJ7CBM
121,PCOz7+Jj8McTc6bUP/rXeGBjj+c
122,pbu2z6wLPOyoMrhkKyu7TyZuyHo
123,PCOz7+Jj8McTc6bUP/rXeGBjj+c
124,gRVd3vR9sfWOdK1t6f4jDkkuR0Y
125,pbu2z6wLPOyoMrhkKyu7TyZuyHo
126,CW3RB5Ftp2+Ez2SyQDpHDWCdb5c
127,ER23XfVFuPUn5Yh4ZqkZ7zJ7CBM
128,ER23XfVFuPUn5Yh4ZqkZ7zJ7CBM
129,ER23XfVFuPUn5Yh4ZqkZ7zJ7CBM
130,ER23XfVFuPUn5Yh4ZqkZ7zJ7CBM
131,ER23XfVFuPUn5Yh4ZqkZ7zJ7CBM
132,PCOz7+Jj8McTc6bUP/rXeGBjj+c
133,ER23XfVFuPUn5Yh4ZqkZ7zJ7CBM
134,ER23XfVFuPUn5Yh4ZqkZ7zJ7CBM
135,ER23XfVFuPUn5Yh4ZqkZ7zJ7CBM
136,pbu2z6wLPOyoMrhkKyu7TyZuyHo
137,ER23XfVFuPUn5Yh4ZqkZ7zJ7CBM
138,PCOz7+Jj8McTc6bUP/rXeGBjj+c
139,7vadGoWFLIW0V3NfJfLc1PbDxwY
140,ER23XfVFuPUn5Yh4ZqkZ7zJ7CBM
141,ER23XfVFuPUn5Yh4ZqkZ7zJ7CBM
142,ER23XfVFuPUn5Yh4ZqkZ7zJ7CBM
143,ER23XfVFuPUn5Yh4ZqkZ7zJ7CBM
144,ER23XfVFuPUn5Yh4ZqkZ7zJ7CBM
145,ER23XfVFuPUn5Yh4ZqkZ7zJ7CBM
146,ER23XfVFuPUn5Yh4ZqkZ7zJ7CBM
147,ER23XfVFuPUn5Yh4ZqkZ7zJ7CBM
148,ER23XfVFuPUn5Yh4ZqkZ7zJ7CBM
149,ER23XfVFuPUn5Yh4ZqkZ7zJ7CBM
150,ER23XfVFuPUn5Yh4ZqkZ7zJ7CBM
151,ER23XfVFuPUn5Yh4ZqkZ7zJ7CBM
152,ER23XfVFuPUn5Yh4ZqkZ7zJ7CBM
153,7vadGoWFLIW0V3NfJfLc1PbDxwY
154,ER23XfVFuPUn5Yh4ZqkZ7zJ7CBM
155,ER23XfVFuPUn5Yh4ZqkZ7zJ7CBM
156,7vadGoWFLIW0V3NfJfLc1PbDxwY
157,ER23XfVFuPUn5Yh4ZqkZ7zJ7CBM
158,ER23XfVFuPUn5Yh4ZqkZ7zJ7CBM
159,ER23XfVFuPUn5Yh4ZqkZ7zJ7CBM
160,7vadGoWFLIW0V3NfJfLc1PbDxwY
161,7vadGoWFLIW0V3NfJfLc1PbDxwY
162,ER23XfVFuPUn5Yh4ZqkZ7zJ7CBM
163,ER23XfVFuPUn5Yh4ZqkZ7zJ7CBM
164,ER23XfVFuPUn5Yh4ZqkZ7zJ7CBM
165,ER23XfVFuPUn5Yh4ZqkZ7zJ7CBM
166,OjAi7d5aDnI8Yo4bzBGFkwML9fo
167,OjAi7d5aDnI8Yo4bzBGFkwML9fo
168,ER23XfVFuPUn5Yh4ZqkZ7zJ7CBM
169,ER23XfVFuPUn5Yh4ZqkZ7zJ7CBM
170,ER23XfVFuPUn5Yh4ZqkZ7zJ7CBM
171,ER23XfVFuPUn5Yh4ZqkZ7zJ7CBM
172,ER23XfVFuPUn5Yh4ZqkZ7zJ7CBM
